,Neighborhoods,Latitudes,Longitudes,Prices(sqft)
0,Uttam Nagar,28.6174,77.05281,7486.0
1,Uttam Nagar west,28.6174,77.05281,6762.32
2,Malviya Nagar,28.53394,77.20702,11703.7
3,laxmi nagar,28.63875,77.27592,11858.86
4,Greater kailash 1,28.55291,77.23724,17797.51
5,Saket,28.52408,77.20677,13995.16
6,Defence Colony,28.57298,77.23357,20939.86
7,Safdarjung Enclave,28.56484,77.19468,21743.02
8,Vasant Kunj,28.53152,77.15021,68576.87
9,Greater Kailash II,28.53762,77.24062,16788.9
10,Vasant Vihar,28.56494,77.16131,48856.77
11,Dwarka More,28.58995,77.04004,50359.58
12,Panchsheel Park,28.54287,77.21457,60449.23
13,Panchsheel Enclave,28.54429,77.22651,19538.06
14,Shivalik,28.53795,77.21014,19444.44
15,Sarita Vihar,28.55039,77.28341,34203.51
16,Chhawla,28.55782,77.00172,4819.7
17,Chattarpur,28.4928,77.17052,28422.15
18,Khanpur,28.50963,77.23109,4519.11
19,Geetanjali Enclave,28.52846,77.20355,22596.56
20,mayur vihar phase 1,28.60574,77.29383,18115.21
21,New Friends Colony,28.57813,77.27,12636.03
22,Burari,28.75661,77.20695,5894.39
23,Sector 19 Dwarka,28.56305,77.05974,17552.53
24,Kalkaji,28.53662,77.26094,57796.75
25,Sector 12 Dwarka,28.59544,77.06714,15714.44
26,Sector 22 Dwarka,28.5843,77.05891,19363.67
27,Hauz Khas,28.5511,77.204,21539.83
28,laxmi nagar near metro station,28.63627,77.09615,7893.64
29,Raja Puri,28.61021,77.06098,4587.62
30,Sarvodaya Enclave,28.53838,77.19986,22216.05
31,Sector 6 Dwarka,28.58684,77.06325,13743.8
32,Sector 23 Dwarka,28.58444,77.05902,85241.3
33,Green Park,28.55898,77.20462,24418.68
34,Paschim Vihar,28.66933,77.09174,15976.95
35,Greater Kailash,28.54849,77.23667,42582.15
36,East of Kailash,28.55633,77.24909,14927.57
37,Pitampura,28.6959,77.13725,19100.53
38,New Ashok Nagar,28.5921,77.3033,5786.14
39,Mohan Garden,28.62201,77.05525,5894.72
40,Sector 10 Dwarka,28.56188,77.05736,102339.42
41,Sector 11 Dwarka,28.56305,77.05974,13176.38
42,Dwarka Mor,28.58995,77.04004,997.85
43,Sector 4 Dwarka,28.58684,77.06325,16716.11
44,Sector 7 Dwarka,28.58684,77.06325,11841.51
45,Dwarka New Delhi 110075,28.59226,77.06717,43931.02
46,Navjeevan Vihar,28.53328,77.19973,9803.92
47,Gulmohar park,28.55641,77.21159,44385.85
48,Anand Niketan,28.57555,77.16103,34421.58
49,Lalita Park,28.63062,77.27507,6253.77
50,Khanpur Deoli,28.50963,77.23109,466.51
51,Hari Nagar,28.61203,77.02409,20296.49
52,Jangpura,28.58341,77.2472,3490.91
53,Neb Sarai,28.51532,77.19597,4949.95
54,Zone L Dwarka,28.58995,77.04004,6307.02
55,Guru Angad Nagar,28.63893,77.28226,7311.11
56,Golf Links,28.60306,77.23269,2845.53
57,Punjabi Bagh,28.66634,77.12501,13690.83
58,nawada,28.62412,77.05118,6609.95
59,Sector 5 Dwarka,28.58684,77.06325,13246.96
60,Paryavaran Complex,,,5125.22
61,Ramesh Park,28.63501,77.27288,6900.4
62,Badarpur,28.50739,77.30347,3452.11
63,Sector 13 Dwarka,28.56305,77.05974,1352.46
64,Vishwakarma Park,28.63852,77.27106,6443.1
65,Freedom Fighter Enclave,28.51065,77.20081,4668.3
66,Jor bagh,28.58236,77.21405,4500.0
67,Om Vihar,28.61793,77.05011,5535.2
68,Mangal Bazar Road,28.62249,77.06395,795.34
69,Janakpuri,28.62792,77.0906,14605.96
70,Sector 24 Rohini,28.73599,77.10284,21117.92
71,Mahavir Enclave,28.60058,77.07593,8866.37
72,Shahdara,28.68957,77.27802,14918.18
73,Patel Nagar,28.64783,77.16449,24126.85
74,Sector 18A Dwarka,28.56466,77.0514,15335.71
75,Niti Bagh,28.55763,77.21536,16818.18
76,Khanpur Krishna Park,,,4483.39
77,Mehrauli,28.5209,77.18011,12612.03
78,Jaitpur,28.50231,77.32963,2352.82
79,C R Park,28.54168,77.24774,17361.11
80,i p extension patparganj,28.61798,77.28712,15136.3
81,Jasola,28.5406,77.29678,11324.78
82,Shanti Niketan,28.57757,77.16812,26136.36
83,West Punjabi Bagh,28.66634,77.12501,13890.39
84,Maharani Bagh,28.57224,77.26358,115.23
85,Karol Bagh,28.65046,77.18873,15655.69
86,Sector 24 Dwarka,28.58452,77.05909,4668.88
87,Kota House Entrance,,,15287.42
88,Sector 3 Dwarka,28.5834,77.06076,17749.69
89,Delhi,28.63096,77.21722,21620.23
90,Vishwas Park,28.60185,77.05897,4464.29
91,Jangpura Extension,28.58351,77.24149,13888.89
92,Sector 14 Dwarka,28.55895,77.05555,12569.07
93,Lajpat Nagar,28.57027,77.24701,10288.53
94,South Extension 2,28.5625,77.21517,25000.0
95,Nizamuddin,28.58887,77.24713,1109.05
96,Sector 18B Dwarka,28.56508,77.05262,43904.58
97,Chittaranjan Park,28.5384,77.24832,20944.52
98,Dwarka More Mohan Garden,28.62201,77.05525,10589.84
99,Mayur Vihar I,28.60574,77.29383,11284.72
100,Tagore Garden,28.64751,77.1114,13248.88
101,Sector 9 Dwarka,28.58684,77.06325,13763.46
102,L Zone Dwarka Phase 2 Delhi,28.59924,77.06703,4400.0
103,Preet Vihar,28.63903,77.29597,35433.03
104,Najafgarh,28.6251,76.99741,3513.23
105,Chattarpur Enclave Phase 2,28.49851,77.18893,8306.16
106,Guru Ram Das Nagar,28.63401,77.27227,7777.78
107,Mansa Ram Park,28.61841,77.03917,4907.94
108,Ramesh Nagar,28.64939,77.13568,6542.06
109,Noida,,,77.17
110,Nawada Uttam Nagar,28.63344,77.05684,6177.99
111,Sector-8 Dwarka,28.58684,77.06325,7914.0
112,Jamia Nagar,28.56275,77.28602,16273.36
113,Kailash Colony,28.55613,77.2406,9800.0
114,Sector 2 Dwarka,28.58684,77.06325,13666.13
115,Khirki Extension,28.5326,77.21396,6245.41
116,Sangam Vihar,28.49804,77.24302,5974.82
117,Dwarka Phase 2,28.57169,77.0172,6403.8
118,Ghitorni,28.49831,77.13597,5510.91
119,Safdarjung Development Area,28.56583,77.19907,9554.6
120,Munirka,28.55505,77.17132,15383.25
121,Krishan Kunj,28.63981,77.27386,4000.0
122,param puri,28.6156,77.05136,4600.0
123,Krishna Nagar,28.65545,77.28337,7919.11
124,Sukhdev Vihar,28.55513,77.27466,16114.22
125,Lajpat Nagar III,28.5647,77.24096,5786.62
126,Tilak Nagar,28.64089,77.08923,7827.27
127,dwarka sector 12,28.59544,77.06714,1282.67
128,Uttam Nagar Nanhey Park,,,4394.34
129,Vasundhara Enclave,28.60016,77.31663,12548.67
130,Sector-7 Rohini,28.70918,77.11784,12545.45
131,Lajpat Nagar II,28.57192,77.23774,22222.22
132,Poorvi Pitampura,28.70459,77.14297,11505.54
133,Mayur Vihar,28.60574,77.29383,19909.45
134,Duggal Colony,28.51314,77.23129,434.19
135,Vikas Puri,28.64464,77.07511,12997.71
136,Jawahar Park,28.5079,77.22654,3780.69
137,Sector-18 Dwarka,28.56305,77.05974,11428.96
138,vikaspuri,28.64464,77.07511,15251.96
139,Hauz Khas Enclave,28.54798,77.20297,22413.79
140,South Delhi,,,7477.94
141,Uttam Nagar East,28.6174,77.05281,5158.16
142,South Extension,28.5625,77.21517,34953.84
143,Sector22 Rohini,28.73599,77.10284,17952.04
144,Lajpat Nagar IV,28.56639,77.24867,15176.97
145,Patparganj,28.62948,77.30766,15415.62
146,Govindpuri,28.53509,77.26512,6550.4
147,Sector 17 Dwarka,28.55751,77.05727,10957.27
148,Rama Park,28.62072,77.03523,5778.19
149,Anand Lok,28.55748,77.21885,49979.18
150,IGNOU Road,28.51549,77.20556,3737.78
151,Uttam Nagar Subhash Park Extn,28.60954,77.05106,4897.96
152,Palam,28.59107,77.09118,9957.71
153,Okhla,28.53248,77.27839,8486.43
154,Delhi Meerut Expressway,28.59279,77.16314,11334.59
155,Ganesh Nagar,28.69955,77.29174,6273.84
156,Safdarjung,28.56583,77.19907,24461.76
157,Mayur Vihar Phase 3,28.61125,77.33407,10990.0
158,Kiran Garden,28.61856,77.04902,4888.89
159,Tagore Garden Extension,28.65178,77.11616,8149.27
160,Matiala,28.61792,77.04685,4941.14
161,Priyadarshini Vihar,28.64181,77.27953,5849.97
162,Moti Nagar,28.65673,77.12961,17929.32
163,Gagan Vihar,28.64506,77.29553,976.27
164,Deoli Khanpur,28.50963,77.23109,5967.32
165,Noida Road,,,7810.44
166,Sector 13 Rohini,28.71306,77.11937,20278.48
167,Greater kailash enclave II,,,103591.16
168,Rohini Sector 9,28.72203,77.12369,21925.72
169,Vishnu Garden,28.65112,77.10207,2888.89
170,D Block Vikaspuri,28.63737,77.063,12357.14
171,Nanhey Park New Delhi,28.61562,77.04721,6428.57
172,Sector 11 Rohini,28.71306,77.11937,12541.67
173,Shalimar Bagh,28.71423,77.15744,11360.16
174,Bindapur,28.6137,77.06901,6574.19
175,Uttari Pitampura,,,12848.58
176,Gautam Nagar,28.55977,77.21294,11820.33
177,Mahipalpur,28.54842,77.13637,540.75
178,Sewak Park,28.70858,77.03519,9156.31
179,D Block Lane,28.72652,77.24679,1215.52
180,jain colony,28.75304,77.24581,4809.52
181,Sector 25 Rohini,28.73469,77.08824,7856.87
182,Shastri Nagar,28.64753,77.27082,11133.19
183,Anand Vihar,28.65357,77.31374,12941.36
184,dwarka sector 13,28.56305,77.05974,1050.66
185,Jagdamba Vihar,28.51998,77.30729,31424.9
186,Dilshad Garden,28.67904,77.31476,1271.95
187,Dwarka Road,28.60288,77.04908,10771.6
188,Tughlakabad,28.51859,77.27589,3228.4
189,Aya Nagar,28.47177,77.12966,554.69
190,New Rajendra Nagar,28.63511,77.1791,931.82
191,Sector 3 Rohini,28.73552,77.10285,13571.43
192,Sector-24 Rohini,28.73599,77.10284,10818.45
193,Rajouri Garden,28.64563,77.12209,11552.01
194,dwarka sector 19,28.56305,77.05974,10119.48
195,Kailash hills,28.55748,77.25883,129.26
196,Ashok Vihar,28.69038,77.1761,9726.4
197,Bamnoli Dwarka Sector 28,28.5404,77.02988,599.21
198,Dwarka Sector3,28.5834,77.06076,12407.7
199,Matiala Extension,28.61792,77.04685,4706.67
200,Alaknanda,28.52568,77.25325,16648.1
201,Lalita Park Foot Over Bridge,28.63062,77.27507,63.58
202,Sainik Nagar Mansa Ram Park,28.61793,77.03733,4888.89
203,Mayur Vihar Phase 2,28.61795,77.30031,10768.05
204,Chhattarpur Enclave Phase1,28.49851,77.18893,4351.47
205,DLF Ankur Vihar,28.7351,77.26831,6451.85
206,Sector 1 Dwarka,28.56305,77.05974,10330.81
207,Sector-D Vasant Kunj,,,16101.29
208,Civil Lines,28.67672,77.21767,17656.97
209,Kaushambi,28.64057,77.31701,7661.32
210,New Ashok Nagar near metro,28.5921,77.3033,4705.88
211,Tigri,28.51022,77.23745,12698.25
212,Sector 12 Dwarka New Delhi,28.59544,77.06714,10770.12
213,Sector 4,28.60281,77.04903,13884.31
214,South Ex,28.5685,77.21985,20631.31
215,Model Town,28.70501,77.18951,13747.54
216,Dwarka 11 Sector,28.56305,77.05974,10999.26
217,Govind Puri,28.65156,77.29002,11886.11
218,Rohini sector 16,28.71306,77.11937,14209.67
219,rohini sector 5,28.73552,77.10285,5833.33
220,Uttam Nagar Vani Vihar,,,4375.0
221,Devli,28.50135,77.22856,9862.5
222,Paryavaran Complex Main,,,4250.28
223,Bamnoli Sector 28 Dwarka,28.5404,77.02988,5172.84
224,Nangloi,28.67489,77.06128,774.83
225,Nirman Vihar,28.63401,77.28867,11839.1
226,Shanti Park Dwarka,28.5949,77.06056,8102.68
227,Kirti Nagar,28.64821,77.14273,21503.17
228,Raju Park,28.68217,77.13391,4463.84
229,Santnagar,28.74324,77.19949,4428.63
230,IP Extension,28.62932,77.30009,11762.02
231,Loni,28.69901,77.30468,5651.87
232,Dwarka Sector 11 Pocket 4,28.5944,77.04831,53589.26
233,Kamla Nagar,28.68377,77.20163,293.63
234,North Campus,28.68831,77.20944,29831.19
235,Om Vihar Extn Delhi,28.6195,77.05088,4662.86
236,Sector 12 Dwarka Pocket 3,28.59397,77.04164,10128.78
237,Sector-14 Rohini,28.71306,77.11937,15131.02
238,Westend,28.57459,77.16143,7702.11
239,Ashok Nagar,28.63462,77.10181,6884.79
240,Dabri,28.60761,77.08714,10802.96
241,east delhi,42.30019,-74.89429,12340.89
242,Pandav Nagar,28.61458,77.27574,1457.06
243,Sheikh Sarai,28.53501,77.22145,14514.72
244,Block J,28.63896,77.17901,5925.93
245,Rohini sector 24,28.73599,77.10284,1017.32
246,Arjun Nagar,28.56139,77.19837,8287.29
247,Dwarka 10 Sector,28.56188,77.05736,536.84
248,Mahavir Enclave Bengali Colony,,,555.11
249,Mandawali,28.63016,77.2967,4646.3
250,Rama Park Block B,28.62257,77.03661,6271.6
251,Sector-8 Rohini,28.7357,77.10258,13703.7
252,Bank Enclave,28.6415,77.2744,1462.5
253,Jasola Vihar Sector 8 Road,28.54203,77.29332,9322.82
254,Dwarka sec 6,28.58684,77.06325,8811.73
255,Gurgaon Delhi Expressway,28.53156,77.05336,9344.21
256,Gurudwara Road,28.76557,77.13713,5371.54
257,L Zone Delhi,28.63096,77.21722,4374.09
258,MG Road Ghitorni,28.49101,77.14209,1927.29
259,Sahibabad,28.8252,77.06962,7497.31
260,Sector 21 Dwarka,28.5841,77.05874,4371.43
261,Sector 15 Rohini,28.71306,77.11937,10879.63
262,Main Rajapuri Road,28.60973,77.05874,3333.33
263,Narela,28.8398,77.07696,7274.73
264,Nawada Extension,28.62337,77.04356,5555.56
265,Sadulajab,28.51899,77.19953,3950.62
266,Vasant Kunj Enclave,28.54069,77.13053,12156.71
267,Mansarovar garden,28.64202,77.13054,7121.88
268,Naraina,28.63149,77.13714,6666.67
269,Saraswati Vihar,28.69483,77.13039,8357.14
270,SECTOR 18 DWARKA NEW DELHI,28.56305,77.05974,9227.84
271,Dwarka Sector 7,28.58645,77.07393,8827.84
272,Sector 28 Dwarka,28.58483,77.05935,4467.46
273,Sector-18 Rohini,28.71306,77.11937,1243.7
274,Connaught Place,28.63394,77.21969,44218.75
275,Abul Fazal Enclave Jamia Nagar,28.5534,77.29638,5128.21
276,Begampur Park,28.73262,77.05213,6812.9
277,CR Park Main Road,28.67209,77.15526,16444.44
278,Geeta Colony,28.6532,77.27138,10402.22
279,Kalindi Kunj Road,28.56099,77.28164,18218.41
280,Rajpur Khurd Village,28.49476,77.19034,6985.42
281,Karampura,28.66476,77.14869,15708.28
282,Chattarpur Enclave,28.49365,77.18464,3510.8
283,Dwarka 8 Sector,28.58684,77.06325,7444.44
284,DWARKA SEC 23,28.58444,77.05902,8463.06
285,Fateh Nagar,28.63147,77.10316,9411.76
286,Freedom Fighters Enclave,28.51065,77.20081,4288.07
287,Sector 18 Sector 18A Dwarka,,,10344.15
288,Shivaji Marg,28.65892,77.121,15741.67
289,Vijay Nagar,28.60193,77.07298,7148.67
290,Kapashera,28.52601,77.08477,5486.11
291,Dwarka Sub City,28.58995,77.04004,9509.9
292,East Patel Nagar,28.64817,77.17834,8000.0
293,Nawada Sainik Nagar,28.61706,77.04095,5454.55
294,SECTOR 7 DWARKA NEW DELHI,28.58684,77.06325,10737.49
295,Indraprastha,28.60089,77.25581,11551.25
296,Krishna Park Jawahar Park,,,3720.97
297,Mundka,28.6915,77.03159,3672.24
298,Sector-23 Rohini,28.7643,77.09231,8428.82
299,Sector 16B Dwarka,28.56527,77.05255,8516.23
300,Alaknanda DDA Flats Road,28.532,77.25421,18480.2
301,Freedom Fighter Enclave Road,28.51065,77.20081,4253.41
302,Rajpur,28.4957,77.18936,4232.22
303,Shakarpur,28.62716,77.2794,6250.0
304,Mandi,28.44771,77.14433,4636.84
305,Sector 26 Dwarka,28.58467,77.05922,5243.94
306,Mansarover Garden,28.64202,77.13054,1000.0
307,Shakti Nagar,28.67557,77.16191,22370.68
308,Som Vihar,28.5711,77.17283,28333.33
309,devli export enclave,28.60399,77.07726,3973.46
310,Hastsal,28.63346,77.0565,5833.33
311,Rajapuri East Uttam Nagar,28.60346,77.05603,4509.8
312,Rajinder Nagar,28.64141,77.18537,22222.22
313,Sector 23,28.56516,77.05434,8605.71
314,Sector-B Vasant Kunj,28.52618,77.16271,16824.4
315,SULTANPUR,28.50055,77.15862,4761.54
316,Tri Nagar,28.67638,77.15542,11870.38
317,Deoli Gaon Nai Basti,28.56017,77.29587,317.63
318,Gulmohar Enclave,28.55728,77.2098,21808.71
319,Kalkaji Govindpuri,28.53592,77.25732,9322.92
320,Khera Khurd,28.77645,77.09974,9125.0
321,Manglapuri,28.59,77.08599,9453.97
322,PANCHSHEEL VIHAR,28.7099,77.09114,4814.81
323,Sector 19B,28.57423,77.04362,15555.34
324,Sector 29 Dwarka,28.5845,77.0599,4528.44
325,Sector 9 Rohini,28.72203,77.12369,22768.67
326,Shahpur Jat,28.54855,77.21394,7333.33
327,Bakkarwala,28.64361,77.01653,7500.0
328,Bank Colony,28.50012,77.23017,3160.49
329,Kotla Mubarakpur,28.57435,77.22419,19978.63
330,Malka Ganj,28.67722,77.20921,77564.1
331,Razapur Khurd,28.63968,77.02907,4540.28
332,Vasant Kunj Marg,28.51156,77.16667,15449.02
333,Vivek Vihar,28.66874,77.31896,11733.09
334,Bank Colony Deoli,28.50778,77.23718,2888.89
335,Bhagwati Garden,28.62349,77.02711,4670.0
336,Gharoli,,,10487.18
337,Kalkaji Extension,28.5287,77.2625,10735.93
338,KarKardooma,28.65056,77.29965,7458.85
339,Noida Sector 52,28.58638,77.36743,6371.58
340,Sudarshan Park,28.66017,77.13598,11158.02
341,Chirag Delhi,28.53988,77.22886,11406.25
342,D K Road,28.63343,77.04028,11309.94
343,DWARKA SECTOR 9,28.58684,77.06325,10563.29
344,Madhu Vihar,28.60409,77.06338,11541.67
345,Munirka Vihar,28.55374,77.16761,14117.65
346,Pocket 2 Sector 6 Dwarka,28.59928,77.01828,10415.58
347,Zakir Nagar,28.56754,77.27978,4916.67
348,Gujranwala Town,28.70037,77.19371,10146.1
349,Kalyan Vihar,28.69184,77.19661,3589.74
350,Pipal Wala Road,28.6246,77.03922,4612.04
351,Sector 19,28.57423,77.04362,12156.18
352,South Anarkali Delhi,28.64928,77.28872,11111.11
353,Sunlight Colony,28.57511,77.25729,6857.14
354,Ashok Vihar Phase-1,28.68412,77.1717,8641.98
355,dwarka sector 17,28.55751,77.05727,8658.35
356,Inderpuri,28.62803,77.14505,661.4
357,Old Delhi,28.65435,77.23259,10747.13
358,Sector 4 Rohini,28.73552,77.10285,9500.0
359,Vinod Nagar North,28.62637,77.30297,5776.38
360,WEA,,,18607.86
361,Alaknanda Gangotri Enclave,28.52568,77.25325,14507.67
362,Ashram,28.57304,77.25902,14973.26
363,Baljeet Nagar,28.65649,77.16064,2921.35
364,Budh Vihar,28.7077,77.31077,2555.56
365,Devli Nai Basti,28.5039,77.23175,416.67
366,Govindpura,28.53509,77.26512,5873.02
367,Gurgaon Faridabad Road,28.45658,77.12134,6126.01
368,Kalkaji Main,28.54045,77.25761,14000.0
369,Near Dwarka sec 21 metro stati,28.58995,77.04004,5101.33
370,Roop Nagar,28.68372,77.19747,27247.96
371,Sirifort Road,28.55518,77.22324,38888.89
372,Subhash Park Extn New Delhi,28.67821,77.28161,4400.0
373,Vishwas Park Extn Uttam Nagar,28.60185,77.05897,3500.0
374,Wazirabad,28.7328,77.22439,4117.65
375,Babarpur,28.69773,77.28648,7222.22
376,Bali Nagar,28.65289,77.12947,4444.44
377,Bamnoli,28.5404,77.02988,735.29
378,Bhalswa,28.7373,77.16849,3461.54
379,dda flat,28.70162,77.1329,9622.96
380,Dwarka Sector 11 Pocket 3,28.59928,77.01828,5630.64
381,E 2 Vasant Kunj,28.52157,77.16788,5641.03
382,Madangir,28.52188,77.2341,441.92
383,Masjid moth,28.56349,77.21709,14571.43
384,Mathura Road Sarita Vihar,28.5314,77.28725,9105.22
385,Meera Bagh,28.65843,77.08697,8346.59
386,Netaji Subhash Place,28.69313,77.15059,20357.14
387,New Kondli,28.6034,77.33287,1087.99
388,Sector 11 Dwarka Pocket 2,28.59937,77.07099,8394.06
389,Sector 15A,28.59995,77.08722,18636.36
390,Swasthya Vihar,28.64093,77.28793,14204.55
391,Abul Fazal Enclave,28.5534,77.29638,3466.67
392,Central Secretariat,28.6286,77.2507,16216.22
393,Delhi Apartments,28.54581,77.18238,1152.93
394,Derawal Nagar,28.72461,77.2727,8171.6
395,Dwarka Sector 12 Pocket 4,28.5944,77.04831,9145.82
396,Dwarka Sector 16 Main Road,28.56305,77.05974,8284.02
397,Paschim Vihar Main,28.67984,77.07725,10952.38
398,Sector 6 Dwarka Palam Vihar,28.59021,77.07031,11319.5
399,Sushant Lok Delhi,28.77388,77.18114,3459.87
400,Vinod Nagar East,28.625,77.29902,474.07
401,10 Sector Dwarka,28.56188,77.05736,8200.93
402,B K Dutt Colony,28.58111,77.21655,21912.35
403,Bhagwati Vihar,28.71066,77.27918,2888.89
404,Block A,28.63246,77.21828,11785.71
405,Delhi Ajmer Expressway,28.59279,77.16314,8208.33
406,Jagriti Enclave Shreshtha Viha,28.65078,77.31123,20790.44
407,Kundli,28.60938,77.32602,5177.13
408,Loknayak Puram,28.6636,77.01016,5765.43
409,Mansarovar Park,28.67743,77.29936,7849.56
410,Mayur Vihar III,28.61125,77.33407,810.86
411,Okhla Vihar,28.54546,77.31162,4888.89
412,Ranjeet Nagar,28.65075,77.15755,10909.09
413,Shyam Vihar Phase1,28.59668,77.00743,4637.25
414,Anupam Garden 10th Lane,28.51409,77.20734,9523.81
415,Bhiwadi,,,3696.78
416,Block A1 Chattarpur,28.49504,77.18454,3750.0
417,C Block Janakpuri Road,28.61643,77.09649,11313.32
418,DCM Road,28.66256,77.20328,35115.7
419,Deepali,28.69793,77.11914,7393.76
420,Delhi Jaipur Expressway,28.59279,77.16314,14122.11
421,Dilshad Colony,28.6847,77.32774,8714.29
422,Dwarka Sector 15,28.56305,77.05974,8216.37
423,Kakrola,28.6192,77.03238,6296.3
424,Kalu Sarai,28.54288,77.20184,25713.38
425,Kishangarh Mehrauli Road,28.51909,77.18173,5555.56
426,Mahipalpur Extension,28.55099,77.13143,4843.21
427,Nasirpur,28.59995,77.08722,8892.86
428,Navin Shahdara,28.67369,77.28326,9565.22
429,Sarai Rohilla,28.66584,77.18482,3157.89
430,Sector 111,28.53094,77.14139,10260.67
431,Sector 8 Dwarka Block B,28.58684,77.06325,10526.32
432,Sector-28 Rohini,28.74845,77.101,5798.52
433,Sector24,28.5596,77.03892,10142.86
434,SectorB Vasant Kunj,28.53436,77.14214,14285.71
435,Sewa Nagar,28.57791,77.22484,6166.67
436,Shakurpur,28.68225,77.13977,2471.91
437,Shadipur,28.65194,77.15791,20636.36
438,Aerocity,28.5506,77.12298,4391.01
439,Bharat Vihar,28.7237,77.04646,4383.33
440,Chitra Vihar,28.64285,77.28747,11877.01
441,Defence Colony Flyover,28.58252,77.01031,53722.18
442,Delhi Cantonment,28.59152,77.12946,8437.5
443,Delhi Jaipur Highway,28.59447,77.1665,211.9
444,duggal housing complex,,,3871.83
445,Ferozshah Road,,,2558.82
446,Karala,28.73733,77.03959,3424.66
447,Mansa Ram Park park Path,28.61841,77.03917,3500.0
448,Pochanpur Colony,28.5636,77.04624,6263.89
449,Sadar Bazaar,28.6674,77.29741,5166.93
450,Sector 103,28.53094,77.14139,4526.7
451,Sector 37 Rohini,28.73565,77.10332,3000.0
452,Sector 9,28.57744,77.06334,13750.0
453,Sheikh Sarai Phase2 New Delhi,28.53806,77.21781,12513.91
454,Sonia Vihar,28.72937,77.24566,2545.45
455,South Patel Nagar,28.64561,77.16682,13333.33
456,Vasant Enclave,28.57308,77.16,13221.54
457,Vasant Vihar C Block,,,40000.0
458,Batla House New Delhi,28.57112,77.28849,376.92
459,Block AP Poorvi Pitampura,28.70368,77.13933,13257.08
460,Chandni Chowk,28.65628,77.23233,8230.45
461,Fatehpurberi,28.46212,77.17516,8869.05
462,Govindpuri Extension New Delhi,28.53439,77.25808,4166.67
463,Ishwar nagar,28.55773,77.27086,11666.67
464,Jahangir Puri,28.72877,77.17558,6709.35
465,Khanpur Colony,,,4100.0
466,Naharpur Village,28.68845,77.31708,2777.78
467,Pankha Road,28.60668,77.12345,6000.0
468,Pocket 7 Dwarka Sector 12,28.59426,77.04121,8536.63
469,Sector 11,28.73373,77.10513,9190.97
470,Sector 12,28.59495,77.04213,13166.78
471,Sector C Vasant Kunj,28.53436,77.14214,40625.0
472,Sitapuri,28.61286,77.08281,4444.44
473,Sonepat,,,3390.63
474,Surajmal Vihar,28.66275,77.30724,21666.67
475,Ali Village,28.51631,77.30873,6976.74
476,Burari Garhi,,,4817.3
477,CA Apartments,28.54581,77.18238,109.74
478,Chandra Park,28.60533,77.23319,3902.11
479,DaryaGanj,28.64617,77.24364,9272.73
480,Freedom Fighter Vihar,,,5000.0
481,Gazipur,28.62679,77.3237,10540.11
482,HAUZ RANI,28.52846,77.20859,3571.43
483,Hill View,28.53366,77.26437,18416.67
484,Kanjhawla,28.69531,77.09965,3471.55
485,Karawal Nagar,28.7275,77.27011,2666.67
486,Mehrauli Village,28.52287,77.18108,3870.36
487,Munirka Kunj Main Road,28.73342,77.18638,1395.24
488,Palam Vihar,28.52543,77.05091,9152.54
489,R K Puram,28.63736,77.20657,29411.76
490,Ram Nagar Extension,28.68456,77.2922,5555.56
491,Rithala,28.71947,77.10147,4550.0
492,Sector 10,28.72321,77.11636,8919.76
493,Sector 4 Road,28.56008,77.17657,1017.2
494,Sector 6,28.59313,77.06591,7889.0
495,Sector-16 Dwarka,28.56305,77.05974,4250.0
496,Sector-19 Rohini,28.71306,77.11937,11531.25
497,Sector-21 Rohini,28.72203,77.12369,7865.38
498,SFS Flats Saket,28.54123,77.29822,13571.43
499,Sidharth Ext,28.66076,77.2924,12727.27
500,Sultanpur Extension,28.75024,77.03756,3969.7
501,10 Dwaraka Marg,28.58684,77.06325,8428.9
502,59 Sector 22 Road,28.55667,77.05822,12975.78
503,A1 Block Paschim Vihar Delhi,28.65635,77.08942,10952.38
504,Bamnoli Village Delhi,28.5404,77.02988,5000.0
505,Block J Rajouri Garden Extensi,28.64071,77.11329,12923.08
506,Budh Nagar,28.62477,77.29563,7777.78
507,Dhul Siras,28.55326,77.03105,4375.0
508,DLF Phase 5,,,12375.48
509,DPS Matiyala,28.61269,77.04903,8750.75
510,Dr Ambedkar Colony,28.50509,77.18013,4666.67
511,Govindpura Old,28.53509,77.26512,6112.91
512,Hailey Road,28.62586,77.22675,43243.24
513,Katwaria Sarai,28.54183,77.18656,8125.0
514,Masjid Moth Village,28.56218,77.21849,7000.0
515,masoodpur,28.52744,77.15638,14629.63
516,Maya Enclave,28.61797,77.10641,8771.65
517,New Layal Pur,28.65203,77.28727,5000.0
518,Peeragarhi Village,28.67589,77.09143,592.07
519,Rajiv Chowk,28.63309,77.21944,11000.0
520,Residential Floorsector,,,13137.79
521,Sarojini Nagar,28.5756,77.19365,4526.75
522,Sector 18,28.5695,77.0266,11183.57
523,Sector 8B,28.57299,77.1642,13240.74
524,Shreshtha Vihar,28.6572,77.31804,12444.44
525,Shyam Enclave,28.65402,77.30482,5555.56
526,Surhera,28.59824,76.93687,4300.0
527,Vishal Enclave,28.65079,77.11878,3724.14
528,82 Sector 22 Road,28.55667,77.05822,5462.17
529,85 Sector 22 Road,28.55667,77.05822,5720.0
530,AKSHARDHAM,28.61333,77.28307,23171.14
531,Ambica Vihar,28.7292,77.27909,9615.38
532,Ashirwad,,,8750.0
533,Azad Apartments,28.54581,77.18238,25000.0
534,Baldev Park East,28.64802,77.28698,7812.5
535,Bees Sutri Harijan Basti,28.49209,77.14341,1583.33
536,Ber Sarai,28.54954,77.18168,18750.0
537,CD Block Dakshini Pitampura,28.70527,77.13867,25000.0
538,DCM School Marg,28.65788,77.19612,6478.21
539,Devli Extention,28.63811,77.27475,2430.56
540,Devli Extention Deoli Gaon Nai,28.50617,77.23225,3143.6
541,DLF City Phase 3 Road,28.68703,77.18257,315.83
542,Ghitorni Village South Delhi,28.50114,77.14522,17500.0
543,GT Road,28.67168,77.23615,1441.49
544,Gulab Bagh,28.62043,77.04942,566.67
545,IGI Airport,28.55457,77.09139,4826.07
546,Jasola Sector 8,28.57299,77.1642,10833.33
547,Kalkaji Flyover,28.55027,77.26366,12534.18
548,Kalyan Puri Road,28.61888,77.3155,4920.63
549,Keshavpuram,28.68802,77.15866,8333.33
550,Khushi Ram Park Param Puri,28.6156,77.05136,5000.0
551,Kishangarh Village New Delhi,28.51879,77.16729,5617.98
552,Lodhi Colony,28.58477,77.22535,12000.0
553,Manglapuri Village,28.58776,77.08704,36638.98
554,Mathura Road,28.60487,77.24037,13750.0
555,Mayur Vihar Pocket F,,,47435.48
556,Mianwali Nagar Peera Garhi,,,10400.0
557,Mirpur Turk,28.71232,77.27261,4483.43
558,Moti Bagh South,28.58169,77.174,4545.45
559,Munirka Flyover,28.56146,77.16839,10296.3
560,Munirka Marg,28.55817,77.15993,11273.33
561,Pant Nagar,28.58366,77.24463,3264.76
562,Pind Wala Khurd Village,,,65573.77
563,Pocket 7 Sector D,28.58368,77.07362,11764.71
564,Pocket 8 Sector C,28.73562,77.08824,16666.67
565,Pratap Khand,,,6209.15
566,Sadh Nagar Palam Colony,28.75213,77.19733,3823.53
567,Sandesh Vihar,28.69247,77.14358,18518.52
568,Sector 108,28.53094,77.14139,5624.3
569,Sector 16A Dwarka,28.56457,77.05111,6269.59
570,Sector 5,28.79686,77.0688,8758.77
571,Sector 7,28.58519,77.06797,9485.71
572,Sector B Pocket 10,28.53381,77.15291,1947.62
573,Sector17 Rohini,28.71306,77.11937,7995.09
574,Shaheen Bagh New Delhi,28.55075,77.29963,4896.42
575,Vrindavan Road,,,4468.12
576,West Enclave,28.69079,77.10145,10752.68
577,Yamuna Road,28.74681,77.12703,10505.63
578,Delhi Cantt,28.59152,77.12946,527.04
579,102 Sector 21 Road,28.51322,77.06822,3389.42
580,127 Sector 23 Road,28.72874,77.08519,13745.7
581,91 Sector 23 Road,28.72874,77.08519,41.07
582,Abul Fazal Enclave Part 2 New ,28.5611,77.29306,4555.56
583,Antriksh Bhawan,,,3542.37
584,Block JP Poorvi Pitampura,28.70368,77.13933,9988.01
585,Block UU Uttari Pitampura,28.71138,77.14267,7781.65
586,Chirag Dilli,28.53988,77.22886,3500.0
587,Commercial Shop Karol Bagh,28.65046,77.18873,16650.0
588,Commonwealth Games Village,,,15476.19
589,E Block Preet Vihar,28.63617,77.29251,13263.42
590,Experion Heartsong,,,6303.13
591,Gulabhi Bagh Om Vihar,28.61793,77.05011,3600.0
592,Gurgaon Dabri Road,,,4585.51
593,Jammu Delhi Road,28.69598,77.21327,6250.0
594,Janakpuri B1 Market,28.63434,77.08976,9444.44
595,Kapas Hera Extension,28.52601,77.08477,1866.67
596,Karampura West,28.66476,77.14869,13513.51
597,KG 2 Road,,,8801.96
598,Kundli Manesar Palwal Expressw,,,53125.0
599,LIG Flats,28.63266,77.11928,8819.93
600,Mandakini Enclave,,,16388.89
601,Mandi Road,28.45854,77.14769,5800.0
602,Mount Kailash Apartment,28.55333,77.24662,18333.33
603,Narmada Apartments,,,13462.57
604,Netaji Subash Marg,28.6447,77.24041,7826.09
605,Noor Nagar,28.61606,77.07128,4266.67
606,Partap Nagar,28.67083,77.1943,5000.0
607,Paschim Vihar A 1 Block,28.66676,77.08605,8300.0
608,Pocket 11 Sector B,28.83255,77.11042,16000.0
609,Pocket 2 Sector D,28.83767,77.10653,13365.38
610,Pocket 9 Sector C,28.51277,77.17021,16666.67
611,Residential Flat Mehrauli,28.5209,77.18011,3370.79
612,Rishi Nagar,28.57188,77.22409,6222.22
613,Saiyad Ul Ajaib Village,,,3777.78
614,Salempur Majra,28.77454,76.99955,18750.0
615,Sector 1,28.78797,77.04764,8674.1
616,Sector 10 Pocket 1,28.72052,77.13412,7250.0
617,Sector 12 Dwarka Pocket 2,28.59949,77.06691,8000.0
618,Sector 21 Road,28.51322,77.06822,5263.16
619,Sector 30,28.75621,77.08313,4603.58
620,Sector4pkt 1,28.56042,77.17863,9233.81
621,Shahabad Mohammadpur,28.56639,77.06685,4266.67
622,Shankar Vihar,28.5664,77.14033,12306.61
623,Subzi Mandi,28.67357,77.2036,4784.69
624,Ujwa,28.57479,76.90873,4200.0
625,10 Dwarka Sector 9 Road,28.56368,77.05426,8493.15
626,103 Sector 21 Road,28.51322,77.06822,9565.22
627,103 Sector Road,,,5136.99
628,109 Sector 21 Road,28.51322,77.06822,5611.92
629,119 Sector 6 Road,28.56326,77.17102,4137.93
630,137 Sector 13 Main Road,28.72355,77.12588,6383.95
631,144 Sector B Road,,,2592.59
632,22 Sector 13 Main Road,28.72203,77.12369,12500.0
633,4 Dwarka Sector 9 Road,28.57972,77.06684,7123.44
634,4 Sector 4 Road,28.56008,77.17657,11562.5
635,6 Sector 13 Main Road,28.72203,77.12369,8529.41
636,65 Sector Road,,,10255.13
637,78 Sector 6 Road,28.56371,77.17186,4790.07
638,79 Noida Link Road,28.59714,77.29228,3998.71
639,88 Sector 22 Road,28.55667,77.05822,4837.43
640,89 Sector 22 Road,28.55667,77.05822,10500.0
641,A Block Road,28.69938,77.11846,11785.71
642,Ahinsa Vihar Road,,,4642.86
643,B4 Block,28.64159,77.28762,11764.71
644,Baprola,28.63923,77.01252,10952.38
645,Bhagat Chandra Hospital,28.69059,77.26648,6800.0
646,Bhagwati Garden Extension,28.62349,77.02711,4100.0
647,Bharthal,28.5438,77.05104,2285.71
648,Block GH5,28.66457,77.0832,7333.33
649,Block LD Dakshini Pitampura,28.70527,77.13867,16666.67
650,Block SD Delhi,28.63074,77.22088,7588.24
651,Commercial Shop Indra Park,28.59741,77.10073,29761.9
652,D B Gupta Road,28.64297,77.20891,15428.57
653,D3 Street,28.56422,77.15411,23333.33
654,DDA Flats,28.69056,77.32461,18888.89
655,Delhi Haridwar Road,,,4363.64
656,Delhi Metro Blue Line,28.60088,77.08278,10454.55
657,Desh Bandhu Gupta Marg,28.59829,77.05145,11125.0
658,Dilshad Colony New Simapuri,28.68946,77.32276,12241.05
659,Durga Vihar New Delhi,28.72258,77.08747,3571.43
660,Dwarka 29 Sector,28.59544,77.06714,3975.63
661,Dwarka Flyover,,,9714.29
662,Dwarka sec 21,28.5841,77.05874,3800.0
663,dwarka sec3,28.59226,77.06717,8333.33
664,Dwarka Sec6 Market,28.58995,77.04004,8857.14
665,Dwarka Sector 12 Pocket 6,28.59928,77.01828,7500.0
666,Dwarka sector 23 Pocket 1,28.57972,77.06684,10584.62
667,Dwarka Sector 25,28.5846,77.05916,3800.0
668,Dwarka Sector 9 Road,28.58684,77.06325,9250.0
669,EPDP Colony,28.69029,77.17253,7764.71
670,Fajalpur Village,28.62966,77.29442,11000.0
671,Gharoli Dairy Farm,28.62014,77.32409,10464.43
672,Godavari Apartments,,,11764.71
673,Goyla Vihar,28.57981,77.02165,13888.89
674,Grand Trunk Road,28.84209,77.12739,1582.8
675,Ignou Road Sainik Farm,28.50549,77.21414,2962.96
676,Inder Enclave,28.70659,77.04703,10344.83
677,Jagdamba Camp,28.51998,77.30729,11111.11
678,Kapas Hera Estate,28.52601,77.08477,3200.0
679,Khanpur Dhani,28.71047,77.2793,8431.37
680,Khari Baoli,28.65726,77.22284,4878.05
681,Khari Baoli Road,28.65773,77.21578,2808.4
682,Kondali Main,28.61398,77.32616,5625.0
683,Link Road IP Extension,28.66415,77.32104,5483.87
684,Lodhi Road Quarters,28.58964,77.21523,9523.81
685,Mahaveer Nagar Kotla Mubarakpu,,,24429.97
686,Mahipalpur Rangpuri Road,28.54308,77.12337,2820.51
687,Mahrauli,28.5209,77.18011,3518.52
688,Masjid Moth Phase 2,28.54051,77.23386,10769.23
689,Meenakshi Garden,28.63956,77.1048,12213.74
690,Nangloi Saiyed Village,28.66105,77.08286,5491.7
691,Nathupur Road,28.7805,77.17982,10000.0
692,Nelson Mandela Marg,28.54433,77.15966,20000.0
693,New Govindpura,28.53509,77.26512,6666.67
694,New Krishna Nagar,28.65661,77.28686,5000.0
695,New Pragatesheel Apartment,28.72401,77.12991,7586.21
696,Northern Peripheral Road,,,6372.09
697,Om Vihar Extn Om Vihar,28.6195,77.05088,4943.75
698,Om Vihar Phase 4,28.62668,77.05124,4750.0
699,Paryatan Vihar,,,9671.18
700,Pocket 10 Sector B,28.8321,77.10784,18000.0
701,Pocket 6 Sector 2,28.69921,77.10198,12500.0
702,Pocket 9,28.54197,77.29319,16250.0
703,Pocket 9 Sector B,28.83228,77.10731,8181.82
704,Pocket A Sector 17 Dwarka,28.59944,77.01804,8181.82
705,Police Lines,28.69885,77.19952,18181.82
706,Pontoon Bridge,,,80000.0
707,Prime Chowk,28.60739,77.29101,8823.53
708,Puth Khurd Village,28.77124,77.04922,3428.57
709,Ram Colony Chattarpur,28.45371,77.1835,5555.56
710,Rampura Marg,28.68813,77.15866,9259.26
711,Residential Flat Dharam Pura,28.66641,77.26251,3259.81
712,Residential Flat East of Kaila,28.55633,77.24909,11555.56
713,Residential Flat Pocket A,28.63385,77.32333,2800.0
714,Residential Flat Pocket D,28.619,77.29601,2777.78
715,Residential Flat Uttam Nagar,28.6174,77.05281,3777.78
716,Residential Floor Drayaganj,,,5149.79
717,Residential Floor East Ram Nag,,,5288.16
718,Residential Floor Om Vihar,28.61793,77.05011,3442.13
719,Residential Floor Ram Nagar,28.68228,77.29588,3790.38
720,Residential Floor Tilak Nagar,28.63739,77.10269,4582.82
721,Residential Floor Uttam Nagar,28.6174,77.05281,4382.47
722,Residential FloorBlockA sector,,,841.24
723,Residential FloorPaschim Vihar,,,8131.84
724,Residential House Uttam Nagar,28.6174,77.05281,2812.5
725,Road Number 1,28.62067,77.32227,6646.97
726,Rocky Area,,,3333.33
727,Sagarpur Palam Road,28.59046,77.08189,22222.22
728,SEC 6 POCKET 1,28.54215,77.29357,8750.0
729,Sector 112,28.53094,77.14139,3188.01
730,Sector 12 Pocket 7,28.59928,77.01828,8166.67
731,Sector 13,28.72203,77.13236,8750.0
732,Sector 17,28.74401,77.12133,8421.05
733,Sector 18 A,28.5695,77.0266,7500.0
734,Sector 18 Rohini,28.71306,77.11937,8947.37
735,Sector 18B Road,28.58396,77.03304,9642.86
736,Sector 21,28.55662,77.06556,4200.0
737,Sector 21 Dwarka New Delhi,28.5841,77.05874,8452.38
738,Sector 23 Road,28.72874,77.08519,9393.94
739,Sector 25 Dwarka,28.5846,77.05916,4368.42
740,Sector 37,28.53094,77.14139,5241.64
741,Sector B,28.8379,77.11727,17142.86
742,Shankar Garden,28.62936,77.1911,10540.54
743,Sheikh Sarai Inner Lane,28.53501,77.22145,16206.9
744,Siddharth Enclave,28.57417,77.25915,12500.0
745,Siddhartha Enclave,28.57417,77.25915,11818.18
746,Siddhartha Extension,28.58124,77.26245,9200.0
747,Suraj Vihar,28.6125,77.03175,5625.0
748,Sushant Vihar,28.77388,77.18114,3499.69
749,Telibara,28.66887,77.29016,5333.33
750,Timarpur,28.70079,77.22117,916.39
751,V e e r Apartments Road,28.54581,77.18238,8387.1
752,Vasant Enclave Road,28.57308,77.16,12000.0
753,Vijay Mandal Enclave,,,12500.0
754,Vikaspuri Flyover,28.56544,77.2482,7222.22
